Title,Price,Min Order,Img,Link
Source Factory RGB Voice Controlled Music Rhythm LED PVC Car Ambient 3D Sound Pickup Light USB Powered,"PKR 518-5,664", 2 pieces,./Alibaba.com_files/H0cf3bcf57fa447d58987d554359996fdU.png_300x300.png,https://diamondtoys.en.alibaba.com/company_profile.html
Windshield Sunshade Factory Supplier High Quality Car Accessories Include Car Front Windshield Shade Like Give a Car Umbrella,"PKR 780-6,706", 20 pieces,./Alibaba.com_files/H1bad72e2c237472f9acad3d583e470d0N.jpg_300x300.jpg,https://zzhdqc.en.alibaba.com/company_profile.html
Single Sided Adhesive Custom Car Stickers To Decorate Black Colored Velvet Flocked Fabric Stickers,PKR 422, 100 yards,./Alibaba.com_files/H65414ba646ed43f397a771bdc73e96067.jpg_300x300.jpg,https://jfs-flock.en.alibaba.com/company_profile.html
High Grade Car Accessories All Season Muti-Color Universal Car Steering Wheel Covers,"PKR 1,407", 2 pieces,./Alibaba.com_files/H4ddaee1d93714e40b35ef0026e38b704U.png_300x300.png,https://firetree.en.alibaba.com/company_profile.html
Auto Accessories Universal Comfortable Suede Cloth U Shaped Pillow Car Seat Headrest Car Headrest Neck Pillow Support,"PKR 2,059-2,714", 1 set,./Alibaba.com_files/H333ca18b25414e1c9381eed552d730e6z.jpg_300x300.jpg,https://longxinshiye.en.alibaba.com/company_profile.html
Corolla Professional Car Accessories Car Seat Cover with Universal Customized Full Set Available,"PKR 2,558-3,993", 200 sets,./Alibaba.com_files/HTB1sFlCVVzqK1RjSZFvq6AB7VXaX.jpg_300x300.jpg,https://treasurelandcar.en.alibaba.com/company_profile.html
Suitable For High-quality Air Suspension 7L6413031S 7L6413032S 7L6513029N 7L8413031R Of Volkswagen Touareg Q7,"PKR 56,140-71,734", 2 bags,./Alibaba.com_files/Hafe5d5226e1945f693468884674169aaX.png_300x300.png,https://bjxxhd.en.alibaba.com/company_profile.html
Car Auto Interior Accessories Heat Insulation Protection Car Front Window Windshield Foldable Car Sunshade Umbrella,PKR 752, 2 pieces,./Alibaba.com_files/Hddac410255064063afba8c286a316580b.jpg_300x300.jpg,https://ningbomaker.en.alibaba.com/company_profile.html
Professional Manufacturer Automotive Connector Electrical Terminals,PKR 100-194, 1 piece,./Alibaba.com_files/HLB1HbYOQ9zqK1RjSZPcq6zTepXat.jpg_300x300.jpg,https://wzjiahua.en.alibaba.com/company_profile.html
Universal Auto Car Universal Full Set Seat Cover Car Seat Covers Interior Accessories Car Seat Cover Set Black OEM Time Lead,"PKR 1,716", 10 pieces,./Alibaba.com_files/H4ffd2c0db29047bdaddbec0fa33e4d16X.jpg_300x300.jpg,https://nb-longyang.en.alibaba.com/company_profile.html
Round Type Guide Accordion Shield Rubber Dust Bellows Guard Shield Cover,"PKR 2,496-2,745", 10 sets,./Alibaba.com_files/H33125e5897b6434d995fd4aaa05d687fO.jpg_300x300.jpg,https://ruizhaofeng.en.alibaba.com/company_profile.html
Fascinating Price New Type Interior Accessories Car Beauty Durable Auto Parts,"PKR 6,064", 50 pieces,./Alibaba.com_files/H90ce9324fb294cdd9d04ab2ae61a8b3d9.jpg_300x300.jpg,https://mlf888.en.alibaba.com/company_profile.html
Custom Plastic Parts Injection Molding & Assembly Service | One-Stop OEM Solution For Automotive & Electronics,"PKR 281-1,342", 1 set,./Alibaba.com_files/A955cadcbf1064a5f81ac26ac6a219b32d.png_300x300.png,https://pickpet.en.alibaba.com/company_profile.html
Hot Selling 2022 Car Accessories Interior Decoration Seat Covers for Five Seats Car Leather Original Universal Car Seat Cover,"PKR 8,359", 1 set,./Alibaba.com_files/H60e48d8607814491831f2714097fedcaJ.jpg_300x300.jpg,https://mico2025.en.alibaba.com/company_profile.html
Custom Size 16mm Nylon Hook Loop Strong Self-Adhesive Tape Heat Resistant Adjustable Cable Tie Shoes Car Dot,PKR 60-156, 200 meters,./Alibaba.com_files/Hab4c6b4c92e648d09f54bb5bf8b001f2r.jpg_300x300.jpg,https://wenhaofangzhi.en.alibaba.com/company_profile.html
Hot Selling Luxury Full Set Car Accessories Universal Fit Waterproof Non-Slip Leather Cushion Breathable Sports Style Durable,"PKR 10,605-12,476", 50 pieces,./Alibaba.com_files/H057b5cbd8d0240bdb175785d398629aey.jpg_300x300.jpg,https://ttdhf.en.alibaba.com/company_profile.html
Premium D332 Low Dust Low Noise Ceramic Brake Pads For MAZDA Brake Factory Direct Wholesale OEM/ODM Supported GKYA-26-48Z-MV,"PKR 905-1,161", 50 sets,./Alibaba.com_files/H66e33f63eaff442e8c042d2d48a8f37a5.png_300x300.png,https://rejohn.en.alibaba.com/company_profile.html
Hot Selling Comfortable New Design Car Autos Accessories Interior Decorative Car Seat Cover,PKR 437-624, 500 pieces,./Alibaba.com_files/H057733bc30934eb9b56c63cafaea98aeK.jpg_300x300.jpg,https://bestneoprene.en.alibaba.com/company_profile.html
Manual Jack 2 TON Mechanical Scissor Jack Chinese Factories Design 2 T Scissor Car Jack for Car,"PKR 1,622-4,679", 1 piece,./Alibaba.com_files/H17d6a0c5c6894fde9d31d8888e41ea15x.jpg_300x300.jpg,https://linyiyouli.en.alibaba.com/company_profile.html
Car Cover Car Accessories 2025 Accessory Car Windshield Cover Outdoor Sunshade Windshield protection Film Sunshade Cover,PKR 406, 20 pieces,./Alibaba.com_files/Hb427899a03364989accd63ad24f28391E.jpg_300x300.jpg,https://rongyue.en.alibaba.com/company_profile.html
Customizable Luxury Retractable Dog Leash Set LED Flashlight Nylon Material Injection Molding Green/Purple/Orange Colors for,"PKR 2,680", 48 pieces,./Alibaba.com_files/Hb8e58adfad034a179a6631c650e8ebadv.jpg_300x300.jpg,https://haochuangplastic.en.alibaba.com/company_profile.html
Car Accessories Interior Decoration PU Leather Front Seat Covers 9pcs Universal for Ford All-Season Easy Install Full 5% VLT,"PKR 10,202-13,334", 1 piece,./Alibaba.com_files/Hfd51a6c335394446b3109ee59e0fc5fbk.png_300x300.png,https://sleepfeel.en.alibaba.com/company_profile.html
Portable Home EV Charger New 16A 32A 3.5KW 7KW Adjustable Charging Station For Efficient Electric Vehicle Charging,"PKR 20,273-21,521", 1 piece,./Alibaba.com_files/He58b6f9c14064b4e99db0938b2ef15d6v.png_300x300.png,https://xnymanhuang.en.alibaba.com/company_profile.html
Car Accessories Auto Accessories 15w Car Magnetic Charging Phone Holder,"PKR 1,653-1,716", 60 pieces,./Alibaba.com_files/H919155ba04fe4e3f86a1bc8d0be585abV.jpg_300x300.jpg,https://3rhb.en.alibaba.com/company_profile.html
"Multifunctional Car Washing Set - Electric Drill, Brush, Car Polishing And Cleaning Tools, Manual Tools, Car Cleaning Tool Set","PKR 1,544-3,113", 1 piece,./Alibaba.com_files/H800077facd334e93a049de24b8bd52769.png_300x300.png,https://ahllbrush.en.alibaba.com/company_profile.html
Crystal Diamond Car Seat Covers Universal Auto Interior Accessories Pink Plush Vehicle Front Seat Back Cushion for Women Lady,"PKR 1,092-3,431", 10 pieces,./Alibaba.com_files/H35ecfc53ffd14538b883ecf51245e016H.jpg_300x300.jpg,https://timbear.en.alibaba.com/company_profile.html
Supplier 66W USB Port Type C Vehicle Socket Retractable Cable Car Phone Charger 4 in 1 Star Light Adapter ODM Car Phone Charger,"PKR 1,217-1,600", 1 piece,./Alibaba.com_files/Hcdfbfbc0e7cc4c31a022b5679a1cc0d4B.jpg_300x300.jpg,https://waete.en.alibaba.com/company_profile.html
New Car Interior Accessories Decoration Car Seat Pvc CushionSeat Cover Sport Leather Car Seat Covers,"PKR 2,340", 200 sets,./Alibaba.com_files/Hfaca70d0f17b4e37bc20370ae4e8d752z.jpg_300x300.jpg,https://shineauto.en.alibaba.com/company_profile.html
Top Quality Ultra HD 1.52*30M Adhesive Car Window Tint Film Heat Resistant Privacy Protection Nano Ceramic Window Solar Film,"PKR 60,818-70,175", 1 roll,./Alibaba.com_files/H183c14b6782740339e4370baaae84998j.jpg_300x300.jpg,https://chinaderek.en.alibaba.com/company_profile.html
Auto Accessories Car Seat Cover Universal PU Leather Seat Protector Full Set,"PKR 10,917", 4 pieces,./Alibaba.com_files/H3a85140317604dda906c7f96cfb94184Q.jpg_300x300.jpg,https://yeahsun.en.alibaba.com/company_profile.html
D3 Universal Compact 2P Copper LED Lighting Pluggable Non-Stripped Wire Connectors 3-In-3-Out Spring Wire Terminals Car GPS,PKR 44," 5,000 pieces",./Alibaba.com_files/Hffa6ff85467744289ae301ce15e80e2eu.jpg_300x300.jpg,https://chinaenyoo.en.alibaba.com/company_profile.html
Factory Price Luxury Car Interior Accessories Universal Leather Car Seat Cover Set for Interior Decoration,"PKR 8,983-10,230", 10 sets,./Alibaba.com_files/H40146fe6a80c45cdbd2d7132015c2da4N.jpg_300x300.jpg,https://bestop168.en.alibaba.com/company_profile.html
For Land Rover Range Rover Dashboard Navigation Media Display Interior Sticker Tempered Glass Touch Screen Protector Grade AAA,"PKR 549-3,294", 10 pieces,./Alibaba.com_files/H705c7f11813747298cbadf0e7cdc6339m.jpg_300x300.jpg,https://mols.en.alibaba.com/company_profile.html
New Car Interior Accessories Decoration Pink Seat Covers With a Two Dolphins,"PKR 3,743-4,055", 500 sets,./Alibaba.com_files/Hc24416f66b2f41d9bbc0947e23e76fb9c.jpg_300x300.jpg,https://yusichina.en.alibaba.com/company_profile.html
"Custom Medical Metal Insert Overmolding Plastic Part, Precision Insert Injection Mold Manufacturing","PKR 467,830-935,660"," 1,000 sets",./Alibaba.com_files/Hf5ea072b309846ccb207ca6329c51f01g.jpg_300x300.jpg,https://rba.en.alibaba.com/company_profile.html
Car Interior Accessories Protective Car Leather Seat Cover Luxury Car Seat Cover,"PKR 8,421-9,981", 100 pieces,./Alibaba.com_files/H87a1b0543bb64475bf9bf7c91c0e221a3.jpg_300x300.jpg,https://weikai15630252536.en.alibaba.com/company_profile.html
PD 30W +18W 48W Dual Ports USB A+C QC3.0+PPS Car Charger USB A Type C Mobile Charger Type C Car Charger,PKR 468," 1,000 pieces",./Alibaba.com_files/Hc89b824eaf8040ca8ff83acb5bf0792dq.jpg_300x300.jpg,https://bluepowercn.en.alibaba.com/company_profile.html
Car Front Laser Sunshade Interior Accessories for Cars Interior Accessories,"PKR 3,088", 1 piece,./Alibaba.com_files/Hbf5949051fd2472bb1dfcb9126c66256w.jpg_300x300.jpg,https://nmart.en.alibaba.com/company_profile.html
Fuel Injector Manufacturer Injector Nozzle For Toyota Honda Nissan Hyundai Kia Peugeot Citroen Mitsubishi Audi VW GM Ford Dodge,"PKR 1,560", 20 pieces,./Alibaba.com_files/H7a892d29c9ef403ebbe382f0fdd94e0eW.jpg_300x300.jpg,https://minghezcn.en.alibaba.com/company_profile.html
2 in 1 Universal Rotation Auto Gadget Accessories Strong Hanger Car Vehicle Back Seat Headrest Hook with Magnet Phone Holder,PKR 456, 100 pieces,./Alibaba.com_files/H88ec05a8ebd7408b85c91c476b26026dm.jpg_300x300.jpg,https://malubly.en.alibaba.com/company_profile.html
Car Maintenance Products Anti Corrosion Rubberized Undercoat Spray Paint Undercoating For Chassis Protection,PKR 228-272, 600 pieces,./Alibaba.com_files/H1174172a59a9445596fcde37edb7a04ax.png_300x300.png,https://xiangyinghg.en.alibaba.com/company_profile.html
Car Accessories Universal 15cm 20cm JDM Katana Samurai Sword Shift Knob Shifter With Adapters Gear Shift Knob Fits Most Car,"PKR 2,028", 5 pieces,./Alibaba.com_files/H07ae1a093f3d4161a231da168e098359C.jpeg_300x300.jpeg,https://guangzhouyuechi.en.alibaba.com/company_profile.html
Custom Printed Retort Spout Pouch High Temperature 121-135°C Sterilization Stand Up Food Packaging Bag For Juice Beverage,PKR 7-29," 1,000 pieces",./Alibaba.com_files/H6ef76d6930e64358ac75c1d5cd8215c0m.png_300x300.png,https://jhypackage.en.alibaba.com/company_profile.html
Universal Style LED Steering Wheel Car Accessories for Sport Driving Business Luxury Decoration,"PKR 93,255", 1 piece,./Alibaba.com_files/H1ab4c38835064348a4326f0b828da5c2W.png_300x300.png,https://gzqirui666.en.alibaba.com/company_profile.html
LUMIKNIGHT 36000LM 160W H4 H7 H1 Double-Copper LED CSP H11 9005 9006 9012 Fog Lamps Auto LED Headlight Bulbs For Universal Cars,"PKR 1,872-2,184", 100 pieces,./Alibaba.com_files/H318c67def1454a1e8a4188f3ef1446577.png_300x300.png,https://lumiknightofficial.en.alibaba.com/company_profile.html
New Car Interior Accessories Decoration Car Seat Cover Universal Luxury Sport PVC Car Seat Covers,"PKR 18,714", 200 sets,./Alibaba.com_files/H3341c93a60bf462abb9ed5ae1b80ea87n.jpg_300x300.jpg,https://cneasylin.en.alibaba.com/company_profile.html
For BYD Sealion 06/07 DM-i EV 12.8'' 15.6'' 2025 Speedometer Media Navigation Car Screen Protector 9H Anti-Glare Tempered Glass,"PKR 1,866", 10 pieces,./Alibaba.com_files/H974f863a792a4be997e0d940acac0655B.png_300x300.png,https://mols.en.alibaba.com/company_profile.html
Hot Sale Auto Gadget Accessory Universal Rotation Car Vehicle Back Seat Headrest Hook Magnet Phone Holder ABS Material Camry,PKR 384-456, 10 pieces,./Alibaba.com_files/Hf5d5ff81a1b44b8b9cace80ed8167e7bv.jpg_300x300.jpg,https://carclean.en.alibaba.com/company_profile.html
