Product_Name,Product_Price,Product_Sold
"Vivo Y17s - 6.56 Inches HD+ Display - Dual Sim Official PTA Approved - 8GB RAM - 256GB ROM (128GB USABLE + 128GB SYSTEM RESERVED) - Phone Only with Compaitable Charger, Color Mix",23700,
"Vivo Y17s - 6.56 Inches HD+ Display - Dual Sim Official PTA Approved - 8GB RAM - 256GB ROM (128GB USABLE + 128GB SYSTEM RESERVED) - Phone Only, Color Mix",23999,
Rugged phone/unbreakable waterproof Smartphone | 4G n side finger unlock|  | Shockproof | Long Battery Life | Android Mobile Phone,8500,
Vivo Y19s | 6GB+128GB | 90Hz Screen | 5500mAh Long Battery | Android 14 | PTA Approved,23799,7
Kyocera Basio 4 - 5.6 Inches AMOLED Display - 3GB RAM + 32GB ROM - Single Sim PTA Approved - Android 10 (12 Upgradable) - Japanese Phone - Phone with Charger (No box - Color Mix),13499,
"Vivo Y20s | 8GB Ram 128GB Storage | 5000 MAH Battery + 18w Fast Charging | PTA Approve | Side FingerPrint | 6.51"" HD+ Halo Big Display | 13MP AI Triple Camera | Phone, Box, Charger | Mobile Phone On Installment",20500,
Vivo Y66 | 100% Inspected Fresh Stock | 4GB RAM 64GB ROM(3/32 for user) | 13MP Camera | Dual Sim Approved | With Box & Charger | Premium Quality | Vivo Mobile Phone | Globally Customized,8549,28
Vivo Y17 PTA Approved Original Mobile Phone | 8GB RAM 256GB ROM | 5000mAh Battery | Dual SIM | Fingerprint | Android Smartphone | Global Variant | Like New | Box Charger Handsfree Included | Installment Available | Best Budget Phone in Pakistan,16829,15
Nothing Phone CMF Phone 2 Pro 8/128GB - PTA Approved - Nothing Phone,104999,
"Vivo Y66 | Dual Sim | PTA Approve | 4GB Ram 64GB Storage | Long Lasting 3000 MAH Battery | Memory Card Suppirt | Vivo Box , Charger Sim Injector Tool & Phone | Vivo Mobile | Mobile Phone On Easy Installment | Whatsapp , Youtube Facebook & Tiktok Working",9480,44
Nothing Phone 3A 12/256GB - PTA Approved- Free CMF Buds 2 Nothing Phone,157999,
Samsung Galaxy Z Fold 3 12GB RAM 256 GB ROM || FOLDABLE MOBILE PHONE || ONE YEAR BRAND WARRANTY,300000,
Nothing Phone 3A Lite 8GB/256GB - PTA Approved - Nothing Phone,117899,
Motorola Mobile Phone Moto G Play 2024 - Tot 8GB RAM(4+4) - No Sims(WiFi Device) - Free Accessories - Android 14 - Snapdragon 680 - PubG Around 60 Fps - 50MP Camera - 5000mAh Battery - 90Hz Display - Motorola Mobile Phones Low,17849,
Vivo Y19s - 6.74 Inches IPS LCD Display - 8+1GB RAM - 256GB Storage - Official PTA Approved - Fingerprint Sensor - (Phone and Universal Box. No Charger and No Accessories Included - Mix Color),29999,
"Vivo Y71 - 4GB RAM Big  ROM | 6.0"" HD+ Display | 3360mAh Battery | 13MP Camera | PTA Approved | Like New",9775,
Google Pixel 8 Pro | 12GB RAM | 256GB & 128GB storage | dual sim approved | 5050 mAh battery | OLED display | 2023 model new phone without box | Al-Aswad Tech,119999,24
Vivo Y85 4gb RAM 64gb Memory  Charger and packing box,13999,640
Google Pixel 6a | 6GB ram | 128GB storage | dual sim approved | 4410mAh battery | original phone without box,52999,48
Tecno Spark Go 3 - 4Gb Ram / 64Gb Storage - Official PTA Approved with 1 Year Official Brand Warranty.,34999,
"Vivo Y20s | 8GB Ram 128GB Storage | 5000 MAH Battery + 18w Fast Charging | PTA Approve | Side FingerPrint | 6.51"" HD+ Halo Big Display | 13MP AI Triple Camera | Phone, Box, Charger | Mobile Phone On Installment",20350,16
"(Official PTA Approve) VivoY81 - 6.22"" HD Display - Dual Sim - 6GB RAM - 128GB ROM - Android Oreo - PTA Approved - Phone And Box Charger Only (, No Accessories Included)",12999,67
Oppo A31 (CPH2015) - 6.5 Inches Display - 8GB RAM - 256GB ROM (128GB Usable + 128GB System Reserved) - Dual SIM (Official PTA Approved) - 12MP+2MP+8MP Camera - Mix Color (Phone with Box Charger - No Accessories Included),19999,12
Redmi 15C – 6GB RAM + 128GB Storage | 50MP Dual Camera | 6.9” 120Hz Display | Helio G81 Ultra | 6000mAh Battery 33W Fast Charging | Android 15 (HyperOS 2.0),44999,
AQUOS R2 - 4gb/64gb - Official PTA Approved - Gamming Phone - Best for PubG,30500,
Kyocera Basio 4 - 5.6 Inches AMOLED Display - 3GB RAM + 32GB ROM - Single Sim PTA Approved - Android 10 (12 Upgradable) - Japanese Phone - Phone with Charger (No box - Color Mix),13499,
Nothing Phone 3A RAM 12 GB ROM 256 Front Camera 32 MP Back Camera 50MP+8MP+50MP Battery 5000mAH One Year Brand Warranty,155999,
Oppo Reno 15 5G Ai-Smartphone | 12GB - 512GB | 6.59 inches Display | Qualcomm Snapdragon® 7 Gen 4 | 6500mAh Battery With 80 Watt Super Fast Charging | Official PTA Approved With One Year Official Brand Warranty.,195999,
Realme 5i - 6.5 Inches HD+ Display - Dual Sim Official PTA Approved - 6GB RAM / 128GB ROM (Usable ROM 32GB) - Qualcomm Snapdragon 665 AIE Processor - (Phone with Universal Box and Charger - Mix Color),17799,
"Oppo Reno2 Z - 6.53 Inches Full HD+ AMOLED Display - 8GB RAM - 256GB ROM (128GB Usable) - 16MP Motorize Popup Camera - Dual Sim PTA Approved - Phone with Box Only, Accessories Not Included) - Multi Color",31071,17
"[Official Approved] Oneplus Nord N10 5G (BE2029/BE2028) - Single Sim - 6.49 Inches Full HD+ 90Hrz Display - 6GB RAM + 128GB ROM - Fingerprint Sensonr - PTA Approved - 100% Original (Imported Stock, Phone Only, No Box, No Charger, No Accessories Included)",30999,15
"Vivo Y17 - 6.35 Inches IPS LCD Display - 8GB RAM - 256GB Storage - Official PTA Approved - Fingerprint Sensor - Helio P35 Processor - (Phone and Box Charger, No Accessories Included - Mix Color)",18999,163
Nothing CMF Phone 2 Pro RAM 8GB ROM 128 GB Front Camera 16 Back Camera 50+50+8 Battery 5000 mAh Brand One year Warranty,105000,
Tecno Spark 40 Pro – 8GB RAM + 256GB ROM | 50MP Camera | 6.78” AMOLED 144Hz Display | Helio G100 | 5200mAh 45W Fast Charging | Android 15,79999,
Sharp Aquos R7 - 6.6 QHD+ Display - Dual Sim Physical + E-Sim - 12GB RAM - 256GB ROM +SD Card Supported - Snapdragon 8 Gen 1 Processor - In-Screen Fingerprint (Phone Only - Box Charger Accessoires Not Included - Official PTA Approved),64999,
"Google Pixel 7A – 6.1"" QHD+ Display, 128GB, 8GB RAM, Dual Sim (Physical + E-SIM) Official PTA Approved - Imported, Phone Only (100% Original - Mix Color)",72824,
"[Official PTA Approved] Vivo Y17 - 6.35 Inches HD+ Display - Dual Sim - 8GB RAM - 256GB ROM (128GB Usable + 128GB System Reserved) - 18w Dual Engine Fast Charging - Fingerprint Seneor (Phone with Box, Imported, Mix Color)",15999,183
"Vivo Y19 - 6.53 Inches Full HD+ Display - Dual Sim Official PTA Approved - 8GB RAM 256GB ROM (128GB Usable + 128GB System Reserved) - Dual Engine Fast Charging - (Phone + Box (Imported Box), Charger, Mix Color, 10/10 Conciditon, Impored Stock)",20999,
"Vivo Y20s (G) - 6.51 HD+ Display - Dual Sim Official PTA Approved - 8GB RAM - 256GB ROM (128GB Usable, 128GB System Reserved) - 13/2/2 + 8MP Camera (Phone with Box (Imported Box), Charger Included - Multi Color)",21999,12
Vivo Y17 Phone | 4GB RAM 128GB Storage | 5000 MAH Battery | Dual Sim | 6 Inch Big Notch Display | FingerPrint Sensor | Fast Charging Option | PTA Approve × Memory Card Support | Box Charger & Phone | Mobile Phone On Installment,37667,
