Title,Price,Image,Status,Company,Link
Tracfone Samsung A03 2-Pack + 1 Year Plan (1500 Min/Text/Data) Bundle,$49.99,https://i.ebayimg.com/images/g/XvYAAeSw371qcfA5/s-l960.webp,Brand New,TracFone,https://www.ebay.com/itm/287503823597?itmmeta=01KZTHWQ6FA2C4N240FT7SC4N8&hash=item42f09032ed:g:XvYAAeSw371qcfA5&itmprp=enc%3AAQALAAAA4DKQclQvzFwZQpmMrsO4Lurs9Dcxgirn87bBZ38Dv5h2aiyYH1zZyb2ghzvOKkVGbC9%2F2NVztkvn1sK9xFw5R%2BCwyta6N1WE0Zq5ShAyAUWlH0CKC2MJtz%2FpddYLUhTE7pJVl4hZjtGP4YxguuXvhX0n7HmD7V6rKqxzvl6F2M6FjxFyQ22LVt%2BBUhE5YUjuUhWKD4oR1N%2FzKHS8%2BR4%2FsdqZNYKIUuJgCTdEYOjqvPt%2FgI9sGRENAIQ5z8ljo2c%2FL7epSg6R%2FZILmxMe3p8nJbDbS3FeRje6i8Uo7KQb5x%2Br%7Ctkp%3ABk9SR6rz8tH-Zw&var=589411530371
"Apple iPhone SE 3rd Gen (2022) 64/128/256GB-Unlocked -Used Excellent, All colors",$149.99 to $199.99,https://i.ebayimg.com/images/g/lK0AAOSwSeFkGfyu/s-l960.webp,Pre-Owned,Apple,https://www.ebay.com/itm/235770888978?itmmeta=01KZTHWQ6FJECAG24HWWQ9FYMZ&hash=item36e50a4312:g:lK0AAOSwSeFkGfyu&itmprp=enc%3AAQALAAAA4DKQclQvzFwZQpmMrsO4Lup28jPP2bzZ2FTgyky2V5MKnqloA8hf0kSoaVJrXIspCQGIeYuea01Wt9hZyHqtxw7gjkZcDz4%2FkapdtdjRyme9zn3rECSeaNmWBifAYnqLWgNHQnTj%2B1hPoOsbv7pvd21JcQs7tv%2FwfHc6Zx3FoYLAFWxdClc%2FcZM%2BxE5xEYYczbi5i4yEQJ55k4eHkF6VEW41Chjs6oLy2YCwtl3Gh%2FcTXvZiHciBMWxcyJuf%2F1Phgd7hv6mnVaqgmbQSNNs9nYPIoHQ4ye36IcZeQcQJ6%2Fdo%7Ctkp%3ABFBMqvPy0f5n&var=536143718780
"Apple iPhone 14, 128GB-256GB-512GB, Unlocked -Good Condition - All Colors",$289.99 to $394.99,https://i.ebayimg.com/images/g/tzUAAOSw1p5kB1Fw/s-l960.webp,Pre-Owned,Apple,https://www.ebay.com/itm/326314259675?epid=20056257992&itmmeta=01KZTHWQ6FM79TBB6YRRX5TCWB&hash=item4bf9d874db:g:tzUAAOSw1p5kB1Fw&itmprp=enc%3AAQALAAAA4DKQclQvzFwZQpmMrsO4Luq2zsDRzO60ar6lI24S6hjIoXNODjm8sYeZdDOsk4GftsgftcgwcIJoqc81k1CHnArGJl4gld1gqQkT3oAIwFH0LMjaiw1CuuBLTo9YU1ZOezlq%2Fj1w31JNgxWJKVXjdQEOEiqMvoAgP3cnNW5WvSG%2Bb3jv%2B%2FSZ9n%2BvV9pc%2F2Hy8kPKolQqHrK3N0d%2Bvfa2xG2JAsaKROjPMvDec5yPCDGiGbL4n14MQ0WDjpQkai7QcAMK%2BKjFNdn1hnrDLrSgO%2B4YBC78bzaDux3vZUWdAgE0%7Ctkp%3ABFBMqvPy0f5n&var=515442054833
UMIDIGI A15T 16GB+128GB Octa Core NFC Dual SIM Android Unlocked Smartphone,$125.09,https://i.ebayimg.com/images/g/RwsAAOSw7UlnwAEP/s-l960.webp,Certified - Refurbished,UMIDIGI,https://www.ebay.com/itm/176878725903?itmmeta=01KZTHWQ6FVASS072YDM1CA2PY&hash=item292ecb2b0f:g:RwsAAOSw7UlnwAEP&itmprp=enc%3AAQALAAAA4DKQclQvzFwZQpmMrsO4LurDAtJrYHb0726mQsZpcOncquca5Ccisp%2B0aPKH5EgaxSp9xYr0LncL5FAgFDMWBQkBmlsQSm37Jvv4Sbo5eYNZbjeuuE7sOUTznSgOVTCC72n1IP6cdV%2B34lGIBTS2UDrOfp2xHtL6hLfs9YA6%2BI04BsG4C%2FwwLZpBwWdfWonisoHU4zLSEECSP0pwEBGJJSC3kG7JvMsLPlw6qa5kXLDoe0f1Nq5wXwRcR%2BDfHEW1a7yCEYhAC8O%2B%2BkTy%2Bw84ey7ZD%2Bqeo0TDyFhsYS0sxNpF%7Ctkp%3ABFBMqvPy0f5n&var=476602145330
"iPhone 14 Plus Mint Condition, 5G, 128GB/256GB, Free Shipping!",$242.00 to $362.00,https://i.ebayimg.com/images/g/AywAAeSwpHRp8I7m/s-l400.webp,Pre-Owned,Apple,https://www.ebay.com/p/8072579898?iid=389948084012&var=657174881029
NEW LISTING🔥NEW SEALED SAMSUNG GALAXY S23 ULTRA 5G/S22 ULTRA 5G GSM CDMA FACTORY UNLOCKED,$303.00 to $471.90,https://i.ebayimg.com/images/g/AgAAAeSwRT9qeu9P/s-l400.webp,Brand New,Samsung,https://www.ebay.com/p/28065011346?iid=168605207361&var=467982655323
Apple iPhone 5C Unlocked New Battery 8/16/32GB BLUE/PINK/WHITE/ YELLOW #BestJ,$26.00 to $57.00,https://i.ebayimg.com/images/g/czoAAeSwdJBqBu2F/s-l400.webp,Pre-Owned,Apple,https://www.ebay.com/p/240420100?iid=377208176145&var=645609017916
NEW Samsung Galaxy S22 Ultra 5G SM-S908U 128GB/256GB/512GB Factory Unlocked,$267.01 to $360.99,https://i.ebayimg.com/images/g/BssAAeSwcg5p1dR3/s-l400.webp,Brand New,Samsung,https://www.ebay.com/p/13052280684?iid=206341812827&var=507049444286
OnePlus 15 Infinite Black 12GB+256GB US Unlock 95%+ Battery Health,$649.00,https://ir.ebaystatic.com/cr/v/c1/s_1x2.gif,Pre-Owned,OnePlus,https://www.ebay.com/itm/198468145226?itmmeta=01KZTHWQ6GMVNTHSXXBBV0ARG1&hash=item2e359f904a:g:9gUAAeSwOUVqMZ2u&itmprp=enc%3AAQALAAAAwDKQclQvzFwZQpmMrsO4LurEochdjnGh9G%2Bje2MDe4zTCVgqBJDCSNBld9oKGC%2FiX8yoMoFzSg8MVV6Dbm5dSvfNrtDlsRjFziNsj1L%2F10g4oPvc%2FOoEMFugMQiyog620S05Uy60joSuh7xaEEKILTh93Y713yO%2BDBCB0%2FwqLYgyjd4%2BHmdYfzB9zG2%2BIVqUCj19uXaNxZFCgTUBv8ZRDBmKFUtF%2BnWU%2FjTFYePWAMvcF%2BlpW9Fw1gI8SzHViR7nEQ%3D%3D%7Ctkp%3ABk9SR6zz8tH-Zw
Samsung Galaxy S23+ 256GB S916U Unlocked - Good,$257.99,https://ir.ebaystatic.com/cr/v/c1/s_1x2.gif,Good - Refurbished,Samsung,https://www.ebay.com/p/3059049812?iid=256372558330&var=556609785242
NEW SEALED Samsung Galaxy S23 Ultra 5G SM-S918U 256GB/512GB Factory Unlocked,$402.66 to $449.66,https://ir.ebaystatic.com/cr/v/c1/s_1x2.gif,Brand New,Samsung,https://www.ebay.com/p/20072665198?iid=389873815023&var=657132846299
Samsung Galaxy S21 5G 128GB G991U Unlocked - Good,$128.99,https://ir.ebaystatic.com/cr/v/c1/s_1x2.gif,Good - Refurbished,Samsung,https://www.ebay.com/p/28043687656?iid=254987231741&var=554895524528
Apple iPhone 13 128GB Fully Unlocked - Very Good Condition,$259.99,https://ir.ebaystatic.com/cr/v/c1/s_1x2.gif,Very Good - Refurbished,Apple,https://www.ebay.com/p/11049276145?iid=226523060489&var=525707284137
"Apple iPhone 13, 128/256/512GB - Fully Unlocked - Used - All colors",$244.99 to $309.99,https://ir.ebaystatic.com/cr/v/c1/s_1x2.gif,Pre-Owned,Apple,https://www.ebay.com/itm/235272916954?epid=24049280212&itmmeta=01KZTHWQ6GMGM6N21EZ60HKDW2&hash=item36c75bcfda:g:sMQAAOSwcSFkCfCZ&itmprp=enc%3AAQALAAAA4DKQclQvzFwZQpmMrsO4Lupe9sPh7MMkH2pu1OlNSm2pZrqczlLwibVBbL7SxH5vE1%2BfKoqyPif%2BNs4FTNu1TzCF15Qbt348D%2FLe2huc2VAWr9ta%2F8mGsjOmLmXwQrxmImsZZbTykpBx%2BkiOeB%2B7yxqY64Kacu938nVq79LKjjY0QE%2BZaeYozgm2q9Z7iZCmu9D4%2Fa7PsEE2hbYgK1EMjysXxJsXeRZWoSHKvf0nm2MAlySrfZIRFT14FvffZ6VxpuVgP%2FQ0z7EzHQBSKn6A5e%2F4A9Kdgm6lvGWue0SyIj6H%7Ctkp%3ABFBMrPPy0f5n&var=536018135564
UMIDIGI Power 5 4GB+128GB Octa Core Dual SIM Android Unlocked Smartphone,$100.00 to $100.09,https://ir.ebaystatic.com/cr/v/c1/s_1x2.gif,Brand New,UMIDIGI,https://www.ebay.com/itm/176878804687?itmmeta=01KZTHWQ6GHR0MW8NXP7ZJD08D&hash=item292ecc5ecf:g:uHcAAOSwRxxnwAe6&itmprp=enc%3AAQALAAAA4DKQclQvzFwZQpmMrsO4LurrmjuhpUoJZU8SQahSRmqNc9Mws7MqUuYLBeVrKeun6kwUqKZwxxStzMj%2FjitGouGFfA2Q%2BEtSSG8VSZxpSXy%2F1XLfUXK2Meo7zk%2FSexpxs9HlATSbRuyUsLrYc7wpQBnrmm%2B72O9hf7E%2BnnilHKVWRwVyybVKhGtoVkuMb342Y83CqJLpIC7lJbbL2Il7O5IigfJYGnJQ9A%2FiO4P9Jmjuf85nv%2B%2BvehnMpe8ZZBEU1%2BIRFI2DpS1VXn9mDKCJ%2BcDz3Xa3oO%2BnHJD87TIj49w%2F%7Ctkp%3ABFBMrPPy0f5n&var=476602132831
"Apple iPhone 13 Pro, 128-256-512GB-1TB Unlocked Used Very Good All colors",$379.99 to $439.99,https://ir.ebaystatic.com/cr/v/c1/s_1x2.gif,Pre-Owned,Apple,https://www.ebay.com/itm/234988335171?epid=9052769077&itmmeta=01KZTHWQ6GA240GW8CC8EG3W8F&hash=item36b6657043:g:vnMAAOSwaMZkCeUu&itmprp=enc%3AAQALAAAA4DKQclQvzFwZQpmMrsO4LuqTj8HEkV8%2FWgD%2FRsLcqhD%2BGAbUtSt4OAl6hctalx6PFHxqbZ5yuz6sXHE2oRpY%2BeKQAoM%2FnSeXQ6U5%2Bl%2BlFpMkkTZ1HHvzvn2iRFdFDXjZFguOJ9ItRo08LH3Iy5sI5OxaUHQjGGCvwjYy9mfLy8G%2BSL%2B51MlmrTp4zjl83Wl4bigkMx17DkdA997XH3epNwStGda3BQxoPf9j71%2FFYQ8In7V18Cv%2FQA%2FoVq4cuHelpscoVe3dWsludr8trIyrf1F1Jtw3jG3xFqz2T%2BxYUUJI%7Ctkp%3ABFBMrPPy0f5n&var=534873257934
Apple iPhone 5c - 8 GB / 16 GB / 32GB - PINK (Unlocked) 90% NE W,$27.00 to $37.00,https://ir.ebaystatic.com/cr/v/c1/s_1x2.gif,Pre-Owned,Apple,https://www.ebay.com/p/168513389?iid=297749751730&var=595049970732
Tracfone 2024 Moto G Stylus 5G 1-Year Plan (1500/1500/1.5GB) Bundle,$79.99,https://ir.ebaystatic.com/cr/v/c1/s_1x2.gif,Brand New,TracFone,https://www.ebay.com/itm/287505854589?itmmeta=01KZTHWQ6GJWM4H4B6S47YPW7V&hash=item42f0af307d:g:NO4AAeSw5eRqc6Pr&itmprp=enc%3AAQALAAAA4DKQclQvzFwZQpmMrsO4Lup%2BJb09JS8Z%2FW5sx%2FRFZrsQltMs6UA%2F9t5wUDmJqH7ZmW%2FSy33p3CMy8ZkS%2BXP%2FCD%2BwPArIrljcR7qNCw04iD4AlQTZ4nRRvgTkTzRrj8u1DjwUMrGq5zkIADDz72XtM6eVi2yxDksoUCyPKcsn8Z74oq%2FWVICrVT5Yv9lPNNvfIQ9ZKIv354BkEaeGCzbIbnIhCr4iGLhG8vjNynWm27KF9HLah4ZQlZzmZ%2BxzNpnYDEbI5dYHeGQZ9cEqaLVPRBCT1uo2Snmds7OrGqk7gSUF%7Ctkp%3ABk9SR6zz8tH-Zw&var=589413160878
Samsung Galaxy S23 Ultra 512GB S918U Unlocked - Good,$390.99,https://ir.ebaystatic.com/cr/v/c1/s_1x2.gif,Good - Refurbished,Samsung,https://www.ebay.com/p/11058715310?iid=256413667885&var=556528799834
Google Pixel 7 - 7 Pro - 128/256 GB - Unlocked/T-Mobile/AT&T/Verizon - Very Good,$179.99 to $199.99,https://ir.ebaystatic.com/cr/v/c1/s_1x2.gif,Very Good - Refurbished,Google,https://www.ebay.com/p/21056930245?iid=175793511978&var=475193618314
Samsung Galaxy S22 128GB S901U Unlocked - Good,$147.99,https://ir.ebaystatic.com/cr/v/c1/s_1x2.gif,Good - Refurbished,Samsung,https://www.ebay.com/p/3072579174?iid=255865325274&var=555803153093
Samsung Galaxy S23 128GB - 5G SM-S911U1 - FACTORY UNLOCKED - EXCELLENT,$250.99,https://ir.ebaystatic.com/cr/v/c1/s_1x2.gif,Excellent - Refurbished,Samsung,https://www.ebay.com/p/2330090727?iid=126995399789&var=428204090581
NEW SEALED Samsung Galaxy S22 Ultra 5G S908U 128GB/256GB/512GB Factory Unlocked,$267.01 to $348.01,https://ir.ebaystatic.com/cr/v/c1/s_1x2.gif,Brand New,Samsung,https://www.ebay.com/p/4052277146?iid=227290351907&var=526496293848
Apple iPhone 15 128GB Unlocked - Good,$371.99,https://ir.ebaystatic.com/cr/v/c1/s_1x2.gif,Good - Refurbished,Apple,https://www.ebay.com/p/8062766781?iid=257285303938&var=557956552112
Apple iPhone 5C Unlocked New Battery 8/16/32GB BLUE/GREEN/PINK/WHITE/ YELLOW,$28.99 to $59.99,https://ir.ebaystatic.com/cr/v/c1/s_1x2.gif,Pre-Owned,Apple,https://www.ebay.com/p/4074113014?iid=206008047679&var=506782517200
Apple iPhone 13 Mini 128GB Factory Unlocked Very Good,$218.50,https://ir.ebaystatic.com/cr/v/c1/s_1x2.gif,Very Good - Refurbished,Apple,https://www.ebay.com/p/5049289969?iid=168308845799&var=467833691042
"Apple iPhone 12 Pro 128 GB Graphite AT&T, T-Mobile, Verizon Unlocked",$254.89,https://ir.ebaystatic.com/cr/v/c1/s_1x2.gif,Open Box,Apple,https://www.ebay.com/p/25041703672?iid=137095360150
Apple iPhone 13 Unlocked 128GB | Refurbished - Very Good,$239.40,https://ir.ebaystatic.com/cr/v/c1/s_1x2.gif,Very Good - Refurbished,Apple,https://www.ebay.com/p/11049276145?iid=236866375751
"Apple iPhone 15 Plus 128/256/512GB, - Unlocked - All colors - Used Very Good",$454.99 to $564.99,https://ir.ebaystatic.com/cr/v/c1/s_1x2.gif,Pre-Owned,Apple,https://www.ebay.com/itm/226412755916?epid=18062769490&itmmeta=01KZTHWQ6G47JNWHY0JPR2YDS6&hash=item34b7407bcc:g:toEAAOSwg8Blrq-H&itmprp=enc%3AAQALAAAA4DKQclQvzFwZQpmMrsO4LuoyzVMwcvloRSrbLiGpV9WHiyBzrr7vAHdxf79Js7htt%2B%2FkWCtZqPCPQdxNYxvKi9tC1JAU6YLfG5TA2HqDqhtYG13TsWkhK%2FIXRMZEgCWBbI7zr5wJ82jHP2lbXzNa3JZyf%2BJe%2FAMrHyVCA4F2GC5aU8mFYrLDvPt6YQxN1xUSxD3P%2F65QzglZMNLRt0qm%2FJ8UecWLZUrXQq2ARi8BpwIKxgKMlzauorDbc6aKfs1wXDriusyeUxbJxXn7bsoulBrUzkUKx7qhg1GV0X%2Fsew1G%7Ctkp%3ABFBMrvPy0f5n&var=525601792417
"Apple iPhone SE (3rd gen) 64/128/256GB Unlocked, Used Good (NO FINGERPRINT)",$109.99,https://ir.ebaystatic.com/cr/v/c1/s_1x2.gif,Pre-Owned,Apple,https://www.ebay.com/itm/235321512902?itmmeta=01KZTHWQ6G6B3RNRQ8YDQHEKV6&hash=item36ca4153c6:g:m6MAAOSwA~tkGfy8&itmprp=enc%3AAQALAAAA4DKQclQvzFwZQpmMrsO4LuontWEYIfAKNaXHC7gGXka51fpwFSk0GveROrLA0UPgpGnyLc12u1l70jW10rz7w5%2FcR%2BpCWHNWrwxay%2Bm8unARr0JjOleDhw88KT1EXHLGGIQQhp18T2M0nQVOFch6BCmFvf93qapikWvqWX0AHN6l7eM0VZVTsmZ72rzL8oUZW%2FkyOZAnhMJBmchuZSADBeAiv%2BhFH%2B%2BCvBveN5hghgTK6oGKqAh%2BvCrhNNF5C9xbpvLlGubuag5TDP6pcn2I28nDvaMlrKATNYuXD7gBxuKm%7Ctkp%3ABFBMrvPy0f5n&var=535373780867
Apple iPhone 5/5S/5C 16GB Factory UNlocked Black/White/Gold New Battery GIFT,$29.97 to $63.99,https://ir.ebaystatic.com/cr/v/c1/s_1x2.gif,Pre-Owned,Apple,https://www.ebay.com/itm/298457719615?epid=20071604629&itmmeta=01KZTHWQ6GXFFDTV4A5H7V4ZBZ&hash=item457d77633f:g:bDwAAeSwhhBqP-wy&itmprp=enc%3AAQALAAAA4DKQclQvzFwZQpmMrsO4LupNuRc3rXGI6INs7XpXBDmo7EWrvG9ELgJQALHjrNNryfXQuv9TL%2FqXa9aBBlDJA%2BXGCdMzBuLGflFoMBOl1tL%2FY52f3e20AQD61CO1hjg1%2BwToxTqLo1JYVsL8jzE%2BfwSqerKfoS8SZz8KokdqdHKZnh7jIHAfoH09%2FJPLIfq418ea0e6vc5fyBZcYaM5JgPaSfDpt%2FVvST9JswDqLPfK%2FBhIKnoe5sfofZ1KljUdwiajrBw2na4xvr%2Fh7RnvF4DOSQvZDsSiUtdOsI7oJSi8a%7Ctkp%3ABFBMrvPy0f5n&var=595320746722
"✅ NEW! Motorola RAZR 2025 5G (XT2553) 256GB GSM 🔓 UNLOCKED 6.9"" 50MP",$439.00,https://ir.ebaystatic.com/cr/v/c1/s_1x2.gif,Open Box,Motorola,https://www.ebay.com/itm/256990438290?itmmeta=01KZTHWQ6GYNC0TJ00S7SFNAAK&hash=item3bd5d2e392:g:ZdIAAOSwSDRoXGOB&itmprp=enc%3AAQALAAAA4DKQclQvzFwZQpmMrsO4LuoYNpR9fk0ZcBa7GdCDjJvC98fEVIBmvMenTKy4NJer2poTQbQtupNDTVs0GaA3fSIw%2BV9O3mzzMH1XiViUkdqmqyYGtBX9FvkT%2BUWUYsMnR1f0%2FHpr3HYlkQyRjigzjZAXS57Jqpcs9TKUFdrSAPWiKQpLg8H0egd%2FFDenE0wG3qXhbW%2F7%2BopV4vk21S4y6Do%2Br2UzfBDJSsuh9HwDuJvWlyFlF7jlvKS3I2AQ6ddZOnXBJEu7WYh74R3rPxmUUwSVPnbx8RnZenDxi33%2BRdxk%7Ctkp%3ABFBMrvPy0f5n&var=557618746435
Apple iPhone 5s - 16/32/64GB - ALL COLORS Unlocked/AT&T/T-Mobile A1453,$44.99 to $54.99,https://ir.ebaystatic.com/cr/v/c1/s_1x2.gif,Pre-Owned,Apple,https://www.ebay.com/p/240530973?iid=125654714303&var=426681764841
"🔥New Samsung Galaxy S23 Ultra 5G SM-S918U 256GB/ 512GB/1T 6.8"" Factory Unlocked",$391.01 to $476.01,https://ir.ebaystatic.com/cr/v/c1/s_1x2.gif,Brand New,Samsung,https://www.ebay.com/p/26059055049?iid=227367899902&var=526568705684
Samsung Galaxy S22+ 128GB S906U Unlocked - Good,$161.99,https://ir.ebaystatic.com/cr/v/c1/s_1x2.gif,Good - Refurbished,Samsung,https://www.ebay.com/itm/255803826545?itmmeta=01KZTHWQ6GB4H9BNX37371DP1R&hash=item3b8f18a171:g:nkwAAeSwL55oL2Rf&itmprp=enc%3AAQALAAAAwDKQclQvzFwZQpmMrsO4Lupmqx9JitE6KQwAW55jIl9e7xRIYkem%2Boi8%2BylQhwmqJqShBoFzNOOBLcUeF2nRZq%2BLm1HwtKzc2TjsJwJEZSVBNEH0tDERYZuj6oG%2FhDkaQdG0U1U3pJguuqAEB9iOhixDFt7Q9SeMPni9T3YKat6UHfAUzf025bt4lUcTBARW%2B4G7jZnUOr%2BmwCfsSOcar3l4NwywoYQMqyMHvh%2BL93DHdOaWAMe8XJulW7rV1wseDw%3D%3D%7Ctkp%3ABk9SR67z8tH-Zw&var=555925514141
OnePlus 15 Infinite Black 12GB+256GB US Unlock Excellent w 95%+ Battery Health,$699.00,https://ir.ebaystatic.com/cr/v/c1/s_1x2.gif,Pre-Owned,OnePlus,https://www.ebay.com/itm/198533429106?itmmeta=01KZTHWQ6G1XW9G8TR0Q9Z374V&hash=item2e3983b772:g:hkwAAeSwDSdqL6Il&itmprp=enc%3AAQALAAAA4DKQclQvzFwZQpmMrsO4LuoH6tZu3x%2BaYQMRBPSUzWJMhAtoc6MDgH3FatWK2mmVxC70s8PWVTaE%2BGwUOXGiSu0aek0ATz0Piz1Ak4uPL8gi4XeU0Bx%2BXkoVGQfvUox6rLtnOEuiF%2FTPlD98ZtDwSZXbDLR8N4ojtk%2FtsaAiNkZY35LYqqR0GPR9ahdpY4HR7HE8BwC%2FFm2%2FnDB8P%2BDQ8reWhNmD89oe9BRc1t889c%2FR%2BM5JiWUrfdwEn2GPqQ%2BhwZ%2F7WfdaUctxbwBvS%2BlBHGUu--HBP%2BDzzmBzQ82uSjcP%7Ctkp%3ABk9SR67z8tH-Zw
NEW Samsung Galaxy S24+ Plus 5G SM-S926U 256/512GB Factory Unlocked All Carriers,$464.88,https://ir.ebaystatic.com/cr/v/c1/s_1x2.gif,Brand New,Samsung,https://www.ebay.com/p/3064925029?iid=397505350678&var=666517168908
Google Pixel 8 128GB G9BQD Factory Unlocked All Carriers 1 Yr Warranty Very Good,$249.99,https://ir.ebaystatic.com/cr/v/c1/s_1x2.gif,Very Good - Refurbished,Google,https://www.ebay.com/p/16063124315?iid=398158407491&var=666437956169
ASUS ROG Phone 6 Unlocked(5G)128/256/512GB Gaming phone Google Play,$229.99 to $289.99,https://ir.ebaystatic.com/cr/v/c1/s_1x2.gif,Pre-Owned,ASUS,https://www.ebay.com/itm/127939998358?itmmeta=01KZTHWQ6G78KY2BJKTATRE9X6&hash=item1dc9d17296:g:sOgAAeSw7vNqO~9N&itmprp=enc%3AAQALAAAA4DKQclQvzFwZQpmMrsO4LuoBl31PdpqNs%2FzcGGhERMVl5%2BXLAiekrr4jgsS8NKKoA2jMqrsmz5Uox%2B2BE7ZGHFHeGW1vtqe4tUF6i3g%2FVTbzFUv82Hdo1KzLMSPqbMiZkVB8O9NAidurUCw5Cu6q6wbVbjdquHBwz0KouD%2Fg7zb1wPoqkpHIWsR%2BoirCU2IQjqWGJJ3YNNhdCsOwc2dq0x85EZn8Kk13%2FzQ7L5880J%2BqiiENcwUVCJdqxxJx2ey689GuAINx7%2BwKrIf%2FKAFsvQbrU6XxSq8pFv25ZPBgHL2u%7Ctkp%3ABFBMrvPy0f5n&var=429126622728
Apple iPhone 11 Pro Max 64/256/512GB Unlocked - All colors - Used Excellent,$274.99 to $329.99,https://ir.ebaystatic.com/cr/v/c1/s_1x2.gif,Pre-Owned,Apple,https://www.ebay.com/itm/235791482034?itmmeta=01KZTHWQ6G7GMB4YZHJ8JZZ572&hash=item36e6447cb2:g:ufUAAOSwff1kQwEh&itmprp=enc%3AAQALAAAA4DKQclQvzFwZQpmMrsO4LurTn%2Brn6S1CQhGpcUHXSg7Rw7Px2NXycGtfJqf3CfHyyn9h1fISesDzDdfwXcrAHQS1BRC378UZeCpXAe2t1P28qtoGiiWdCs2Azy85nxtFkTdxEzJoZhecAKKu5JbvaPsqXMhDptmyZtXit%2FT4GXVxjjMnwuTbkqzzO72ZgGCZWyBsSjlEGrRHSOroLV0VcGxdCp8tFrAmsNY4y7HBZcWvydi%2BW%2BWSWRSZcdVj2CwUktV7qPDyju%2F0vCXLXZ1EionWV9tfpE2KlrEvP6N%2BnkKN%7Ctkp%3ABFBMrvPy0f5n&var=536172983727
Samsung Galaxy S25 - 128GB (T-Mobile) - Silver (B-Stock),$334.98,https://ir.ebaystatic.com/cr/v/c1/s_1x2.gif,Very Good - Refurbished,Samsung,https://www.ebay.com/p/23074866366?iid=158071012075
Samsung Galaxy S23 128GB S911U Unlocked - Good,$209.99,https://ir.ebaystatic.com/cr/v/c1/s_1x2.gif,Good - Refurbished,Samsung,https://www.ebay.com/p/2330090727?iid=256372465052&var=556454234752
Samsung Galaxy S25 Ultra 256GB S938U Unlocked - Excellent,$682.99,https://ir.ebaystatic.com/cr/v/c1/s_1x2.gif,Excellent - Refurbished,Samsung,https://www.ebay.com/p/12074844405?iid=257190056679&var=557828543167
NEW SEALED Samsung Galaxy S22+ Plus 5G SM-S906U 128GB/256GB Factory Unlocked,$230.00 to $275.00,https://ir.ebaystatic.com/cr/v/c1/s_1x2.gif,Brand New,Samsung,https://www.ebay.com/p/9072235777?iid=800110330579&var=657282060613
NEW Samsung Galaxy S22 Ultra 5G SM-S908U 128GB/256GB/512GB Factory Unlocked,$267.01 to $348.01,https://ir.ebaystatic.com/cr/v/c1/s_1x2.gif,Brand New,Samsung,https://www.ebay.com/p/13052280684?iid=287460127425&var=589376153126
Apple iPhone 12 64GB 128GB 256GB Unlocked Smartphone - Good,$176.99 to $224.99,https://ir.ebaystatic.com/cr/v/c1/s_1x2.gif,Good - Refurbished,Apple,https://www.ebay.com/p/16041709972?iid=156833155405&var=458248164822
💥NEW Samsung Galaxy Note 20 Ultra 5G SM-N986U1 128GB GSM+CDMA Factory Unlocked,$256.20,https://ir.ebaystatic.com/cr/v/c1/s_1x2.gif,Brand New,Samsung,https://www.ebay.com/p/14040080837?iid=389706203475&var=656993158394
NEW UNLOCKED SAMSUNG GALAXY S23 5G SM-S911U ALL COLORS AND MEMORY GSM+CDMA,$314.88 to $364.88,https://ir.ebaystatic.com/cr/v/c1/s_1x2.gif,Brand New,Samsung,https://www.ebay.com/p/3059049812?iid=196460739863&var=496254342192
Apple iPhone 15 Fully Unlocked 6.1in - 128GB - eSIM -Good,$365.00,https://ir.ebaystatic.com/cr/v/c1/s_1x2.gif,Good - Refurbished,Apple,https://www.ebay.com/p/28062776365?iid=145829369846&var=444910334065
Samsung Galaxy S25 Ultra 512GB S938U Unlocked - Open Box,$749.99,https://ir.ebaystatic.com/cr/v/c1/s_1x2.gif,Open Box,Samsung,https://www.ebay.com/p/8074862849?iid=257571663748&var=558186493972
Google Pixel 8 Pro 5G 256GB 128GB Unlocked Any Carrier Excellent In-Box,$339.95,https://ir.ebaystatic.com/cr/v/c1/s_1x2.gif,Open Box,Google,https://www.ebay.com/p/19063134707?iid=267037814160&var=567292529152
FACTORY New Sealed Apple iPhone SE 3rd Gen 256G-64GB Fully Unlocked CDMA& GSM,$215.01 to $315.01,https://ir.ebaystatic.com/cr/v/c1/s_1x2.gif,Brand New,Apple,https://www.ebay.com/itm/226812687822?itmmeta=01KZTHWQ6HMG36G5367E71ZFE9&hash=item34cf16f5ce:g:LREAAOSwYcJoS~f5&itmprp=enc%3AAQALAAAAwDKQclQvzFwZQpmMrsO4LupVF1Il7C74DXcEz%2BchDQAGTKgXG9WJbHSWbk8Kqe7fm6Ajhmcu7oAH1huZCyqw%2BEMNJeUqgzdnRQZar6QCxWeVm7pwiYIeXrDnBIX2LFm5onSL4Hqb5uTAabcCyE3Q%2BLkegLV1bQqoFcEvhV00GmkjVE%2Ba6POr577drt0zZC2iS6dNeDpTGvUoOvzM7JXISrvGg%2By5YCpa%2FKCv2d%2FBFcpoZBEv%2BF8Kf%2FqUa04qPEvvbA%3D%3D%7Ctkp%3ABk9SR67z8tH-Zw&var=525964487634
Original SAMSUNG Galaxy S25 FE SM 128GB Brand New - Unlocked - FREE Delivery,$400.00,https://ir.ebaystatic.com/cr/v/c1/s_1x2.gif,Brand New,Samsung,https://www.ebay.com/p/16085694578?iid=267750644642
UNLOCKED for US Domestic Carriers Samsung Galaxy S26 5G SM-S942U 256GB- OPEN BOX,$552.99 to $574.99,https://ir.ebaystatic.com/cr/v/c1/s_1x2.gif,Open Box,Samsung,https://www.ebay.com/p/17093953728?iid=147411070506&var=445776925466
Apple iPhone 14 128GB Factory Unlocked Very Good,$285.00,https://ir.ebaystatic.com/cr/v/c1/s_1x2.gif,Very Good - Refurbished,Apple,https://www.ebay.com/p/8056260057?iid=168298173379&var=467833652441
Samsung Galaxy S23 Ultra 256GB S918U Unlocked - Good,$371.99,https://ir.ebaystatic.com/cr/v/c1/s_1x2.gif,Good - Refurbished,Samsung,https://www.ebay.com/p/23059054247?iid=256460585805&var=556609999488
Samsung Galaxy Z Fold4 5G SM-F936U1 Fold 4 256GB Unlocked Black Clean IMEI,$419.99,https://ir.ebaystatic.com/cr/v/c1/s_1x2.gif,Open Box,Samsung,https://www.ebay.com/p/17065003908?iid=287505505934
New Sealed Box Apple iPhone 13 MINI A2481 512GB-128 Factory Unlocked All Carrier,$317.01 to $378.01,https://ir.ebaystatic.com/cr/v/c1/s_1x2.gif,Brand New,Apple,https://www.ebay.com/p/3049291490?iid=358600700848&var=626730056503
"Apple iPhone 13 Pro Max, 128/256/512GB/ 1TB, Unlocked - Used Excellent",$494.99 to $519.99,https://ir.ebaystatic.com/cr/v/c1/s_1x2.gif,Pre-Owned,Apple,https://www.ebay.com/itm/226382983739?epid=2323820846&itmmeta=01KZTHWQ6HH9W4ZD2DFDM9T2N5&hash=item34b57a323b:g:gVkAAOSw2VdkCd4I&itmprp=enc%3AAQALAAAA4DKQclQvzFwZQpmMrsO4LurE6Q%2BWBLmkNNfsAogv5wq0pS5TPhwnaG3AUwNTRB3ueCjyu1%2FQuf%2FqT7Lr0%2FGLzftOJf%2FAzdZU1wyWVfZZ6ChlDBDrMC13QZNEbMhXQWE4Ig69Wn%2FZbEaXNXqPurR6PK%2FVlMlXi0YX4j24VWj7TtpK%2B1CIr6hkpW%2BpkGJwNP2Rg6wWxLNgloiW4pYPwNTmDfkqzRTnMP96lDuJOvZiA6CkLJfR9qzyK86udGGJoM5Ds7giH7%2FbGpgUPTCYc5n%2FEotuChVtXazQ1bbsUOLwknL8%7Ctkp%3ABFBMrvPy0f5n&var=525573274909
UMIDIGI G9C 6GB+128GB Octa Core Dual SIM NFC Unlocked Android Smartphone New,$120.39,https://ir.ebaystatic.com/cr/v/c1/s_1x2.gif,Brand New,UMIDIGI,https://www.ebay.com/itm/286676516780?itmmeta=01KZTHWQ6HYXDD3HCHGJYWH1K5&hash=item42bf407fac:g:dWUAAOSwWqxoXjlX&itmprp=enc%3AAQALAAAA4DKQclQvzFwZQpmMrsO4LuquAYZ76uXZDvAgrkGYSaY3W9GaPvjNiejWlHlJR17BWJzdqUAnLGgHXEk1ZIUQQDBlRVjm4sIMY9YfrrAit5ItBg8zXA1ul85p0TZJUYNMqSSygLnnDFdKBauBg2QUbF32HsgwR2HAa0zUN5ezgUABWgDQdrGxmjhzMbtrpfKlurD6GC6%2BNN4vpc5zS%2F%2Bp4pBfbwh5YulVT6YrvX6AxWWKNBC%2F%2BPRYyPs8%2FjC%2B3PeXJlqsHUCT9INXih4tOeqaclDy%2FMb2ysRR9WTNuLHoRsk%2B%7Ctkp%3ABFBMrvPy0f5n&var=588701301967
